ID,Title
"44293378","Background drawable does not work"
"44293379","Change variable with button in tkinter"
"44293381","disptach action error, value appearing as nested object"
"44293382","angular2 - make a variable more variable"
"44293383","Formatting XML for Twilio Response"
"44293386","How can I filter objects selected w/ jq based on other values?"
"44293389","PHP preg_match multiple occurence & multipe uses on same page"
"44293390","Ruby list all files within a UNC path via WinRM"
"44293404","Illegal Characters in path when grabbing text from a file?"
"44293406","MySQL (Get 2 tables in 1 command)"
"44293407","How can I check whether a given file is FASTA?"
"44293408","Using Roxygen2 for my utility functions"
"44293409","Using sed command on remote system"
"44293412","Place Snackbar at highest z order to avoid from being blocked by AutoCompleteTextView drop down"
"44293414","Unable to Run Hadoop Jar on Cloudera VM"
"44293416","Size of compiled vue apps"
"44293425","using vector as class member"
"44293431","Retrofit encodes Body"
"44293432","source: no such file or directory: .zshrc"
"44293438","Swashbuckle Swagger UI: How to remove required from parameters in xml commenting"
"44293445","how do i add an image in the background in css from a folder?"
"44293451","How to make python module executable?"
"44293453","React component with multiple layouts"
"27164507","Change login/register dropdown to ""my account"" when user login Bootstrap/PHP"
"27164509","DBInputWritable throwing Exception"
"27164511","Pass sanitized input as column name in where clause"
"27164514","How can I solve error 403 (Forbidden) after deploying ADF Application without any security configuration?"
"27164517","Looping a list through dictionary values python"
"27164521","Update data in database using SQL"
"27164522","Server Error in '/' Application - Could not load file or assembly"
"27164524","getting index of element in list (python)"
"27164525","Append <span> tag inside of <a> tag using Jquery"
"27164526","Angularjs mouse enter event"
"27164527","Same activity getting stacked"
"27164531","Show a JFrame while waitFor another process to end"
"27164533","Tab is not working in my local machine using angular js"
"27164535","Switching between multiple custom markers without tap on marker"
"27164536","Django serialization get foreign key object with primary key object"
"27164537","How to combine datatable search box and tableTools buttons in one row"
"27164538","Console.Writeline throws “Not enough storage is available to process this command.” IO exception"
"27164539","Exception java.lang.NoClassDefFoundError: android.support.v7.appcompat.R$styleable"
"27164540","Get textbox and checkbox value for each row in table"
"27164542","AtomicInteger Class Inconsistency"
"27164543","How to Check whether dhcp-server exists for that subnet before creating a subnet"
"27164548","C: Is there anything called a 'prefix expression'?"
"27164553","why my video doesnot fit the size of the texture as i change the size of the texture"
"27164568","Work out the location of X given distance from 10 other map locations (in PHP)"
"27164572","How to load the div of another webpage and not the entire page into my webpage?"
"27164576","wait for finished asynchronous process for getting current location in iOS app"
"27164579","Locale not set Programatically in Android 5.0 Lollipop"
"27164580","Detecting & highlighting macroblocks in an image with compression artifacts"
"27164591","Php array_push function in java"
"27164592","simulate click based on CSS path from Dom element"
"27164593","Convert Javascript object to C# object"
"27164594","The enableOutputCache parameter is not allowed"
"27164595","Show/hide script cannot hide again on 2nd click"
"27164601","How to identify character before putting it on EditText?"
"27164604","TPL and Monitor in PCL"
"27164607","splitting data using regex in python"
"27164613","I need to mask the incoming number and show only last 4 digits?"
"27164614","Problems with here docs/strings in Android implementations of bash/mksh"
"44293240","How do I get this program to open the last modified date workbook by the date in the name"
"44293241","check if a Firebase App is already initialized in python"
"44293243","javascript php internal server error 500 random"
"44293264","jQuery highlight words on search"
"44293267","How to Authenticate a Django user from another application"
"44293268","How does the React load and execute a JSX contents?"
"44293276","Launching new version of a Java application opens old version"
"44293277","Build image for mips AND application (part of same image) for host"
"44293284","How to work around ""Java heap space"" during JAR assembly on travis-ci.org?"
"44293285","Failed when installing pdo via pecl"
"44293288","invalid types 'int[int]' for array subscript compilation terminated due to -Wfatal-errors"
"44293291","Why some model attributes not saved in the db?"
"44293292","VB.net Update MS Access from DataGridView with BindingSource"
"44293293","I'm trying to run this python script but It gives me errors related to sympy"
"44293297","RAILS - Why Puma server is taking too long to respond?"
"18496906","How to create a large numbers of sockets for performance testing in Linux"
"18496912","AngularJS: How to transclude multiple directives?"
"18496914","AttributeError: type object 'challee' has no attribute 'display'"
"18496924","sql query to list all the items in a group in one record"
"18496925","How to parse product titles (unstructured) into structured data?"
"18496930","Debugging a stack overflow in haskell"
"18496932","Nice format of string containing HTML with ASP.NET MVC"
"18496934","Accented characters trouble in SQL"
"18496935","Web Development Stack map?"
"18496937","Trigger middleware on mass operations in Mongoose"
"18496940","How to deal with persistent storage (e.g. databases) in Docker"
"18496941","Django validation error u""'' value must be a decimal number."""
"18496943","Trying to pass tag value of UIImageView to viewController"
"18496945","Two print buttons with different css on the same page... Possible?"
"18496947","ObjectContext disposed also in opened context of EF"
"18496948","Advantages of Executors over new Thread"
"18496955","has_many form with nested attributes for existing objects"
"18496956","how to set an observable value based upon the selected/clicked element"
"18496960","How can I get a table in markdown without column headers?"
"18496967","how to resolve fatal error from require in php to try to load files?"
"18496971","RefineryCMS: app not running on Heroku"
"18496973","Obfuscating password in batch script"
"18496974","MagicalRecord unit testing and creating entities"
"18496975","How to impersonate JS enabled browser?"
"18496979","Wordpress: is it possible to create a sticky post that is at the top of the search results no matter the terms searched for?"
"18496981","telnet to several devices and return command output"
"18496982","Interpolating variables in HEREDOCs"
"18496991","I can't get this to work: In Sublime Text (3), I am trying to alternate a setting's value using the same shortcut/keymap and contexts"
"18497000","How to set a default value for combo box"
"18497006","Linker error in Cool Prop using VS2010"
"18497015","Tailoring Windows store app for Fair"
"18497018","How to setup ElasticSearch to do SQL LIKE ""%"" for email addresses?"
"18497021","ServiceStack.Redis: Unable to Connect: sPort: 50071"
"18497027","passing variable value php"
"18497029","How to identify the ValidationError ToolTip Placement in WPF TextBox"
"18497035","hide WP popup for mobile"
"18497044","Chrome Table Division Handling different than IE"
"10227154","How do I perform a jQuery get behind the scenes with no browser redirect?"
"10227158","Android : Update on UI Thread very fast"
"10227159","Is there a way to get LatLng of a street within particular city using Google Geocoder?"
"10227160","Hiding div based on cookie value when loading the page"
"10227169","java - Server accepting large amounts of long-lasting client connections"
"10227171","Jquery UI autocomplete combobox button click event"
"44293006","Strange LaTeX PDF rendering in Firefox – letter ""t"" is bold"
"44293007","LDAPjs find entry knowing cn"
"44293008","Own Laravel php artisan command in console.php"
"44293011","How to write the whole array of information into a file?"
"44293018","Retrofit 2.0 Multipart Request, send boolean type in form data including file"
"44293019","PHP - Create new URL's with file"
"44293020","Wordpress # to create product link"
"44293021","How can I undo differencing (lag order 1) of a square-root transformed variable? [ARIMA()]"
"44293022","How would I show or hide a Grid column based on boolean flag?"
"44293025","Jackson empty object deserialization to null"
"44293029","Laravel Mailer Callback when using Queue"
"44293030","Django DATABASES are not configure"
"44293033","""kubectl get nodes"" does not show the right version number"
"44293037","What specifier is to be used to print BUFSIZ macro constant using printf in C (C89)"
"44293038","Shopify extension stop during installation"
"44293044","Server returns 404 for a web page, but page is showing fine in browser - why?"
"44293046","MySQL Selecting Joined Table as array of results"
"44293050","Restrict IAM Role to be attached to an EC2 instance if Instance Id does not match the one in IAM Policy"
"44293052","gradle - replace text inside the XML file"
"44293060","Deploy Hoverfly in cloud foundry"
"44293061","Pandas gives the wrong mean"
"44293063","Azure AD B2C Simple Username authentication"
"10226858","Using Geocoder to show user's location Address"
"10226869","PyQt:How do I get the current tablewidget in a tabs widget?"
"10226876","CSV to PLIST conversion Issue"
"10226888","jQuery fullcalendar: No scrollbar displayed when in monthview"
"10226889","is it possible to put EditText in LiveWallPaper?"
"10226890","Howto split genericList items with delimiter?"
"10226895","Samsung Galaxy S2 Root"
"10226897","How to Validate JSON with Jackson JSON"
"10226899","RKObjectMapping mapping issue in restkit 10.0"
"10226900","SQL calculation not showing in correct format"
"10226906","Extjs Tab Panel with CodeMirror"
"10226907","Variance for an image histogram in java"
"10226910","Posting the datas through URL"
"10226911","File downloader suggestions"
"10226912","How to see man page of a function of a user installed R library/package?"
"10226914","Cross-platform C++... platform-specific code sections in one file, or separate classes?"
"10226919","Reload app on custom file change in playframework"
"10226924","Force the user to add an instance of some InlineModelAdmin when adding a model"
"10226928","How to show only a view"
"10226930","Online DVCS Client"
"10226931","Query to count boolean property values within Grails"
"10226933","Hadoop: How to distribute tasks uniformly to all nodes"
"10226945","Unlimited Markers on Google map without query Limit using Geocoder"
"10226951","Reading and writing COM ports?"
"10226952","Google Maps polyline drawing using only address"
"10226954","Access part of SimpleXMLElement Object - PHP"
"10226960","Speed of memory read vs. simple arithmetic and conditionals"
"10226963","Get attribute of an xmlpath in a non default namespace in c#"
"10226965","Upload file to eXist-db using Java"
"10226973","Code to fetch datas from web servers using Odata via json in xcode"
"10226974","How to prevent jquery mobile adding it's classes to html elements?"
"10226975","Enumerate over time zones on a Windows Mobile device"
"1759141","Programmatic configuration of Enterprise Library logging block"
"1759142","Open Source PHP script for HTTP streaming?"
"1759145","app that auto-generates CRUD UI for database table"
"1759152","Business Logic Layer"
"1759154","C# string Parsing to variable types"
"1759157","What are some good 'software design' books / resources that are currently recommended?"
"1759163","Common Gotchas when using TransactionScope and MS DTC"
"1759171","What's wrong with my Dutch National Flag algorithm?"
"1759172","Why does my Perl unit test fail in EPIC but work in the debugger?"
"1759178","Why am I using the KnownType attribute wrong?"
"10227180","jQuery and XML best way to parse"
"10227186","Can't connect to Windows Azure Database"
"10227188","How to upload several images via HTTP request in iOS?"
"10227193","Missing timestamps for uploaded images"
"10227200","Python - Reading a spreadsheet"
"10227201","Initialize an Array of ArrayList"
"10227202","Why do I get an exception when querying odata service for values that contain null?"
"10227203","gwt and jaxb error"
"10227210","not statement in CSS? Or way around? (superfish)"
"10227213","Connection pool for couchdb"
"10227214","D3.js Bullet Graph - how to output ranges / x-axis values in precentage(n%) rather than in values only (n)?"
"10227218","GridView: How to set the number of rows to display"
"10227219","The difference between Handler.dispatchMessage(msg) and Handler.sendMessage(msg)"
"10227220","Removing Symfony2 scope widening notice"
"10227225","Java GUI - MouseListener and ActionListener are possible to in same class?"
"10227226","Accessing interface/object(s) from a module loaded in a different process"
"10227229","what's the best javascript UI framework integrated with ASP.NET MVC 3?"
"10227231","How to reference scala Enumeration from other package"
"10227237","methodAccessException when passing variables from ViewModel to ViewModel on WP7 using anonymous object (MVVMCross)"
"10227241","ui-scroll listview extending through screen cutting right border off"
"10227244","Difference between web projects with pom.xml and web.xml"
"10227249","Test generic type parameter for interface"
"10227254","Image progress bar for images being downloaded in website not working with appropriate results in FF"
"10227278","Hacking the extension.xml in Notes client"
"10227281","Mistake using scanf"
"10227284","DBChart and float-fields precision"
"10227286","Align center differences among browsers"
"10227289","Indy 8 to Indy 10 - What replaces TIdLogDebug component?"
"10227292","Checking if valid date in C# not working properly"
"10227306","How to fix flex android apps horizontal?"
"10227309","How to change numbers to random positions in PHP"
"10227315","OPenLDAP account lockout"
"10227317","Is a derived object type from the exception declaration unexpected?"
"10227319","Bash: How to search the executables in path?"
"10227325","WCF Service on Client Side - SSL Certificate"
"10227327","own view controller template"
"10227330","Don't know if bytearray i am receiving is understandable by BitmapFactory.decodeByteArray"
"1759446","IIRF redirect combine rules?"
"1759448","Why doesnt ""tail"" work to truncate log files?"
"1759455","How can I account for period (AM/PM) with datetime.strptime?"
"1759457","Require a default constructor in java?"
"1759460","Is CALayer insertSublayer: atindex: destructive?"
"1759462","How to save a character with a line above (like this ō) in a file system?"
"1759467","LCDS Vs BlazeDs"
"1759475","gcov creates .gcov files in the current directory. Is there any way to change this?"
"1759476","Database Index not used if the where criteria is !=?"
"1759488","Why does Perl's autovivification work in this case?"
"1759501","Parse CSV string into Array of Integers"
"1759503","Haskell tail function for empty lists"
"1759508","Why 3 equal symbols in boolean comparisons?"
"1759515","Rails | Cucumber | acl9 | AccessDenied"
"1759526","set/get fn-lock for a macos application"
"1759527","remove compile messages from clojure build failure backtraces"
"1759530","jQuery: How to select the values from the table's column based on tables header only"
"1759536","How to copy large set of data in SQLServer db"
"1759540","Castor and sockets"
"1759549","Java generics: multiple generic parameters?"
"1759554","Examples or Uses Cases to explain EJB Transaction Attributes"
"1759558","How can I use conditional sorting at Django queries?"
"1759562","ASP.NET MVC - Join Tables using LINQ"
"1759567","Flash-AS3: Calling a function in a Class from another Class (Part 2) via DispatchEvent"
"1759571","What's wrong with my AutoMapper Customer ValueResolver Hook?"
"1759577","Using jQuery to insert data into a MySQL table"
"1759183","Is it possible to stream to an Android phone with Microsoft Media Server?"
"1759184","jquery json multidimensional array lengths"
"1759189","How does Url.Action work Asp.net MVC?"
"1759190","PHP: PEAR Mail connecting but not sending (no error)?"
"1759193","How to read line (from a file) and then append + print in python?"
"1759194","Displaying UIImagePickerController within another UIView"
"1759195","Why am I running out of bytes for the stream while performing an HTTP POST?"
"1759198","Are there incremental updates to the iPhone SDK?"
"1759204","Dynamic Data UIHint(""MultilineText_Edit"") in Grid and Edit"
"1759205","Deploying a python CGI app"
"1759206","AppConfig in a VS 2008 test project?"
"1759207","Java make a copy of a reader"
"1759208","Write a data string to a NumPy character array?"
"1759215","compiler versions"
"1759222","Tomcat cannot resolve '<%@ include file', possibly related to taglibs JasperException: File Not Found"
"1759235","User controls called from child pages do not appear on master page"
"1759236","Synchronize identical tables in separate databases with php"
"1759239","help with onseek and selectors"
"1759250","How do I convert a MySQL function result to tinyint(1)"
"1759255","transparent .gif image not allowing background CSS element to show through"
"1759256","JSONP + onbeforeunload + back button + problems"
"1759260","C# Exception Handling Fall Through"
"18496693","Passing spring constructor-arg to another ref bean"
"18496694","I receive strange text without accents from a PHP form"
"18496696","How do I count the number of rows that have a value in column ""A"", but have a different value in column ""B"" using Linq"
"18496697","Making and distributing iOS App in Spanish"
"18496698","Error: 'The name printForm1 does not exist in the current context' Why is this?"
"18496699","Convert multiple list elements to separate data.frame columns"
"18496703","Clickable areas inside image"
"18496705","Trying to establish best practices for SharedPreferences"
"18496707","Powershell: Force immediate evaluation of backreference during replace"
"18496708","Is it possible for me to have a parent Gruntfile.js interact or run tasks on a child Gruntfile.js?"
"18496715","Javascript regular expression that matches two strings"
"18496716","How to use concat in puppet for combining two files into same file?"
"18496718","Org-Mode percentage value"
"18496723","Run function when another function finishes jQuery"
"18496725","UIWebView method similar to Android`s ""webView.canGoBackOrForward()"""
"18496727","Sending data from activity to class"
"18496730","couldnt hide the progressbar after loading image in picasso?"
"18496734","How to use SELECT... INTO with a JOIN?"
"18496735","Can't pass an int to setMessage(String) method"
"18496739","C# Add-In for MS Project"
"18496745","Disable right click via Touch and hold on Windows 7 Touchscreen device"
"18496754","What is the purpose of specifying captured variable in lambda expression?"
"18496764","No string is returned from static function C#"
"18496765","Read original markup in AngularJS before replacing with template"
"18496766","Handling user entered data with weird symbols"
"18496767","RPC server is unavailable 0x800706BA, while updating password for user in active directory"
"18496768","""The requested resource (/Hello/) is not available."" in Eclipse"
"18496771","Converting a JSON string (sent via ajax) into a Python list"
"18496773","Can't revert a ""replaced"" action"
"18496779","Turning a schematic into a map with directions..."
"18496780","How to set date format from VB.NET form"
"18496782","Can I use the feed dialog (or graph api) to post to a page or person I haven't liked (or am not friends with)?"
"18496783","analogy to scipy.interpolate.griddata?"
"18496785","C# How to find a Page's Gridview from a static method"
"44293066","Android -room persistent library - DAO calls are async, therefore how to get callback?"
"44293067","Reconciling display differences of RPresentation"
"44293077","Java Windows Builder JList Load Condition"
"27164616","How to create jar for Junit test class"
"27164617","Why is xmlns:android=""http://schemas.android.com/apk/res/android"" appearing grey and selector shown as an error suddenly?"
"27164618","MySql to text with PHP"
"27164622","Mobile app. load testing using jmeter"
"27164630","Why do I get the error"
"27164634","Solr AnalyticsQuery API returns analytics by documents that don't match query"
"27164636","Formating parsed output perl"
"27164637","Conversion from SVG file to XML file"
"10227341","Fluent Nhibernate and Sql Server private setter error"
"10227342","Search photo & videos from facebook"
"10227347","XSLT - append sibling"
"10227353","Cannot concatenate strtok's output variable. strcat and strtok"
"10227355","How can i manage no of the sections with no of rows in UItableview"
"10227357","storing custom_button in NSUserdefaults issue?"
"10227358","How can I match a string between two other known strings and nothing else with REGEX?"
"10227359","Understand a regular expression"
"10227370","Custom URL Scheme for sharing URL in native Facebook iPhone App"
"10227371","Can I create deep jquery.ui.widget options?"
"10227375","css :not(), selectors and selecting descendants"
"10227377","How to populate tableviews from UIViewController"
"10227378","Forced the application to have the administrator privileges"
"10227379","How to load dojo into html file in order to call dojox.mobile functions?"
"10227380","Cannot override after_omniauth_failure_path_for in Devise"
"10227398","jquery id attribute selector"
"10227400","How to work on open-source dependencies with incompatible editor settings in Visual Studio?"
"10227402","Using prototype to set an onclick event of a button?"
"10227405","Lightbox configuration problems"
"10227407","SQLServer 2008 - Return Value of stored procedure after catching an exception"
"10227408","foreach in kotlin"
"10227410","Interface extends another interface but implements its methods"
"10227412","Matlab Grid lines with different color on one axis"
"10227417","Setting minimum and maximum date on Calendar?"
"10227422","Is there any way to force the Javascript Garbage Collector in webkit based browsers?"
"10227424","Getting ""cutom_image_url"" for a Page->tabs"
"10227428","DOS BATCH: How to compare the existence of 2 files with the same name in 2 separate folders?"
"10227429","opendir() of an ftp url fails"
"10227441","PHP $_GET but with Javascript"
"10227443","Perl: Remove list <ul> from paragraph. HTML parsing"
"10227446","Set Global Parameters Symfony2"
"10227448","The module "".dll"" was loaded but the entry-point was not found"
"10227450",".htaccess:ajax file not found"
"10227451","python struct module - odd values when unpacking"
"10227457","Error in XSD custom type declaration"
"10227461","Jquery insertBefore and fadeIn"
"10227464","How to detect hand gesture in live webcam using javascript?"
"10227467","How can I check that malicious users are not submitting a disabled ListItem from a RadioButtonList in C#?"
"10227470","Using wide strings with ifstream::open or multibyte strings with CreateProcess"
"10227486","SDcard removal notification, how it is done? Broadcast or Service?"
"10227487","How to compile OpenCV 2.4.0 (beta2) by Cmake on Mac OS X Lion?"
"10227489","How can I parse command line arguments that themselves contain switches using boost::program_options?"
"10227491","Position image with css so that it will not create the horizontal scroolbar from browser"
"10227495","How much is too much for a browser loading content onScroll?"
"44293454","DispatchQueue.main.async {} in viewDidLoad"
"44293456","SSRS query designer ""must declare scalar variable"" for max of multiple columns"
"44293461","How to create multiple elements in different places using DOM methods"
"44293463","C# Memory Cache issues finding data with 13 Million rows"
"44293472","SQL server: Removing results based on keyword match"
"44293475","Easy way to insert entire resultset into another DB?"
"44293476","Xtext with rule ovewrite and grammar inheretance"
"44293477","eclipse transfer failed zip file is empty"
"44293079","Python script acting differently when called from PHP opposed to from the terminal"
"44293081","find -type d and ls return different results on same directory"
"44293087","Hero-image text property"
"44293091","Use gdal.Open to open an in-memory GDAL Dataset"
"44293093","my python basic socket chat has some problems"
"44293096","Getting StringIndexOutOfBoundsException even though my string is longer than the value it is giving"
"44293108","ReactJS: How to get state property of another component?"
"44293113","Separate vuex stores for component created with v-for"
"44293118","Get unique words from Spark Dataset in Java"
"44293120","Programmatically open Gnome Terminal and run command"
"44293122","Duplicate calls when using concatMap"
"44293126","event before ajax async false"
"44293127","How can I automatically test for memory leaks in Node?"
"44293128","PortfolioAnalytics 'from' cannot be NA, NaN, or infinite"
"44293129","Average in SSRS"
"44293135","Does kaa has an api to list all registered end-point/devices for an application?"
"44293139","How To Make Text Not Wrap"
"44293140","Json not converting to object in spring integration"
"44293149","Export Mongodb subdocuments to CSV"
"44293151","Access m:properties in XML object in javascript"
"44293154","Find value of dictionary inside a dictionary"
"44293156","Pytest: Running all tests in test_xyz.py multiple times with different setup. Essentially parametrizing the entire test suite"
"44293157","Get-WmiObject Win32_NetworkAdapterConfiguration -Match failing"
"44293158","Progress ABL - Batch file runs and writes to log, but won't execute .jar"
"44293162","How to restart a Flink job from code"
"44293163","No module named 'django' uWSGI"
"18496787","Remove rows in a data frame when the sum over a given column is greater than a threshold"
"18496788","How do I make a dynamic number of divs occupy all of the space in their container equally?"
"18496795","Open MPI Broadcast Latency Measurement"
"18496796","loop for multiple power calculations with R"
"18496799","Prevent validation messages appeared if fields are disabled"
"18496801","ASP.NET checking radiobutton list values with javascript and then calling a c# method"
"18496803","Flash Workers - Can They Display Images/UI"
"18496806","Text file with column to odbc database"
"18496812","Refresh process should run in background, but sub processed need to be synchronous"
"18496813","Redirect url with a . at the end after the file extension?"
"18496815","temp table questions in mysql"
"18496818","Scss works in rails Heroku production but not in staging version"
"18496826","ANTLR: How the behavior of this grammar which recognizes suffixes of a Java code can be explained?"
"18496843","Android: Expandable Navigation Drawer with custom row views"
"18496844","Jquery draggable(), clone() to append div...Pls Fiddle my jsfiddle"
"18496847","Sybase SQL - Distinct over union clause"
"18497050","Why cant i just use public property and not be looked down at"
"18497057","how to get json array and object"
"18497061","Custom post type exclude taxonomy posts"
"18497064","Preg_match cuts last zeros from some numbers"
"18497065","OutOfMemory Error when trying to rescale a Bitmap"
"18497066","Upload XML file and pass into array stored in cookie"
"18497069","Insert JavaScript array into database table"
"18497074","Classify huge CSV file by tag name"
"18497079","Run Unit Tests from Build Output"
"18497080","Non-scaling / absolute gradient for scatter plots in CorePlot?"
"18497085","Avoiding nested try...finally blocks in Delphi"
"18497087","Quick ways to optimize PHP code"
"18497089","reproducible random sequences for multithreaded C pthreads simulator"
"18497090","Can't get filtering to work on PrimeFaces DataTable"
"18497092","How to pause a FOR loop in Javascript in a function?"
"18497095","using apply function with data.table, why this is so slow?"
"18497097","error on attachment file over email sent via perl script"
"18497102","Python import value if module fails"
"18497110","How to retrieve IMSI using PhoneGap?"
"44293479","Python, I'm repeating myself a lot when it comes to for loops and there must be a better way"
"44293480","Calculate coordinate distance in Laravel"
"44293484","laravel eloquent model casts on save?"
"44293489","Powerbuilder 11.5 - Cannot install Database Interfaces"
"44293496","Can I make it so I don't have to add a space to get the sum?"
"44293503","Html <form> and javascript"
"44293507","Dynamically Loading DevExpress PageControl Tabs"
"44293509","Callable interface analog in C++ and Qt"
"44293512","Overriding parent function"
"44293515","Can an executable return something to another executable?"
"44293522","UICollectionviewCell always placing at the edge of the view"
"44293525","How to force a usercontrol width to be equal designer width?"
"44293526","Nondeterministic finite automaton & DFA"
"44293530","Pulling dropdown value into a integer"
"44293536","JavaScript - Change string to number but keep decimals"
"44293537","Bitbucket : The requested URL returned error: 402"
"44293538","CSS : Is it possible to have a gradient background on the selection pseudo element?"
"44293539","How to implement WatchKit sliding button?"
"44293548","Hit detection between 2 moving objects in CreateJS"
"44293553","How to select a treeItem in a treeView, after checking a Condition on that treeItem, in Javafx"
"44293556","mysql: multiple indexes advice"
"44293564","How to connect Power BI Desktop to remote MySql server that requires authentication"
"44293567","Undersampling for multilabel imbalanced datasets in pandas"
"44293568","Rounded Image Drawable only drawing white"
"44293569","Angular 4 PrimeNg Tree Drag and Drop Copy to"
"44293572","Is there a way to copy a complete page from one App to another in AppMaker"
"44293574","Localized Notifications iOS 10 using FCM"
"44293578","WSO2 Custom Grant Type with customized config properties"
"44293586","Textfield width set based on the initial value in CSS"
"44293589","PyUSB no backend available even with dll in path, explicitly loaded"
"44293591","How to add JavaScript response to more than one forearch result"
"1759610","HQL with a collection in the WHERE clause"
"1759612","How to set the culture info in unmanaged C++?"
"1759613","What C++ idioms should C++ programmers use?"
"1759619","Remove &#13; from python string"
"1759626","How do you test an Android application across multiple Activities?"
"1759632","How can a method in C# be used in XAML?"
"1759645","connection time zone issue with jOra eclipse plugin"
"1759651","Add shadow (recessed text effect) to Cocoa label without degrading text rendering quality"
"1759662","Text shadow in IE, alternatives"
"1759664",".Net AES Encryption - Universally Accepted Pad Setting"
"1759672","Selecting Comments by their inner xml in xpath/xsl"
"1759677","Representing game states in Tic Tac Toe"
"1759682","Select items where local time is ~8AM"
"1759686","Where can I find information about Inotifier?"
"1759691","Reattaching to an orphan process in QT"
"44293756","CSS opacity ignores transition time"
"44293758","Should I give my iTunes Connect credentials to my developer?"
"44293762","optimizing responsive table javascript"
"44293765","Share Image to Twitter without Card"
"44293773","File path not recognised in winforms resource (C#)"
"44293775","ReactJS Insert RAW html with function (onClick)"
"44293780","OpenSSL ask for private key"
"44293781","Ionic-angular, how to get root directory of the SD card?"
"44293787","VueJS + Firebase: Matching Keys Between Authenticated User And Users Collection"
"44293789","max of multiple columns in pandas of multiple dataframes"
"44293791","Tools > Android menu doesn't exist in Android Studio"
"44293792","Use Bookmarklet to display confirmation, then continue based on response"
"44293797","How to import and use particles.js in an Angular/Angular2/Angular4 app"
"44293800","Python: Save data from BeautifulSoup to CSV"
"44293810","How do I change PSI-Probe to not use 1E8 for memory usage?"
"44293811","Google Apps Script to retrieve other users' Gmail labels"
"1758877","Different PHP results with -r option"
"1758879","html in varchar field?"
"1758884","How can I access the meta class of the module my Moose role is being applied to?"
"1758889","Are data-snapshots of line item prices better than calculations in all cases?"
"35832862","Why use enumerator in ruby"
"35832871","Getting ngRepeat error (Error: ngRepeat:iidexp Invalid Identifier)"
"35832873","EXCEPTION: Error during instantiation of RouterOutlet"
"35832876","Marshmallow won't show permission window"
"35832877","How to speed up this python function with numba?"
"35832878","Does replacing a fragment destroy all hidden fragments"
"35832882","change dropdown menu text to yellow in bootstrap3 collapsed mode"
"35832891","Identifying duplicate data, and re-search database based on new user input"
"44345451","using void in Java (any methods to subtitute the void method)"
"44345453","How to use gulp in laravel on ubuntu 16.04"
"44345455","Two TimePickers comparison"
"44345456","Access Title Property in ContentPage from XAML - Xamarin.Forms"
"44345457","ORACLE 12C - ORA-02287: sequence number not allowed here"
"44345458","WSUS clients missing from WSUS server database"
"44345459","VueJS 'if' function not working (Laravel Spark)"
"44345463","Cannot enqueue Query after invoking quit"
"44345470","how to use one insert command with different data types"
"44345472","Obfuscated NuGet Packages and Deployment considerations"
"18592197","How to go live with the PayPal API Xcode"
"18592200","Remove message from MessageBag"
"18592202","What's difference between URL,URN and URI?"
"18592214","Get Text Area field value with reference to code using Jquery"
"18592216","Product Image Zooming with multiple layered Image"
"18592219","A-Star Algorithm is running like Dijkstra and delivers a wrong result"
"18592225","dhtmlx grid read-only checkbox"
"18592226","Spring data (JPARepository) + Ehcache 2nd level cache"
"18592228","Qt: Different tableWidget member names on workstations"
"18592234","how to assign derive value to array inside FOR LOOP"
"18592238","how to execute a function on close tab event?"
"18592242","Is it possible to create users within the project as non admin user in redmine?"
"44460756","How to handle username/pass changes in a distributed REST application?"
"44460758","Migrating Azure Table Storage to Cosmos DB"
"44460760","How to see if bug is still present, if it doesn't consistently manifest visibly?"
"44460763","Oracle SQL Database creating a clob with size greater than 4000"
"44460769","JAVA/Selenium - clicking the first button on the page works 50% of the time"
"44460770","Firebase Recylerview throws NullPointerException in populateView"
"44460772","Error ITMS-90680:The binary you uploaded was invalid when submitting .ipa file to App Store"
"44460774","MongoDB Group and get only newest element"
"44460775","Delay when animation was done"
"44460777","Why there is no ""public static void main"" required to start an RFT script?"
"44460778","Angular 2 Reactive Forms - Detect input change event on component"
"44460780","how to pass the shell script content in a json file as a variable?"
"35999631","how to set value to a null object in grails"
"35999633","Error in calculating float using TASM"
"35999637","how to flip the elements of a list without using list[::-1] in PYTHON"
"35999638","Create a static listbox, or use a non static list box in a static method? C#"
"35999640","Using AJAX to get data from a PHP array"
"35999641","How to change a String as I am scanning text Java"
"35999643","Get differences between folders"
"35999646","How do I add a new associative array key to a multidimensional array?"
"35999648","Line Overwriting int txt file php"
"35999654","UITableViewCell layout constraints not behaving as expected"
"35999656","Lightbox Javascript Captions"
"35999662","How do you make a div as big as screen?"
"35999667","Android set android:targetClass and android:targetPackage programmatically"
"35999668","Windows RAMDisk Storage Driver Sample. Drive with the name 'R' does not exist"
"35999670","Windows Server 2012 Task is not working. Batch file"
"35999671","What's the difference between ""sudo -i"" and ""sudo su -"""
"35999677","Convert JSONArray's to JSON Object in Javascript"
"35999678","Troubles Unwinding a MongoDB collection: Python"
"35999679","Thymeleaf Table issues with rowspan (1 Order, N Articles)"
"35999680","std.algorithm.copy and std.digest"
"35999682","How can I convert my div to PNG without having to capture what is on screen?"
"35999683","Does ID3D11DeviceContext::DrawIndexed method wait for vertex and pixel shader opertions to be completed?"
"35999692","Rails: $/hour - only save part of a collection select for a monetary field"
"2437350","Capitalize Words in PHP with custom delimitor"
"2437353","Binary Search Help"
"2437355","best algorithm for swapping?"
"2437356","How do I remove a <tr> with jQuery?"
"2437361","What do parentheses in a Perl regex do?"
"2437363","How do i get file path of my file in java enterprise application?"
"2437366","How to set Internet options for Android emulator?"
"2437367","Examples of attoparsec in parsing binary file formats?"
"2437370","Can you determine hasLayout in IE8's developer toolbar?"
"2437375","Visual Studio 2008 C Drop down menu assist?"
"2437382","requestFocus() in java?"
"2437386","How do I rollback capistrano tasks upon failure?"
"36146049","No value inserted into MySQL table using PHP"
"36146052","ruby on rails - Saving payment transaction with different currencies"
"36146062","Option String in ocaml"
"36146068","Keeping line breaks in jsoup to display in android listview"
"36146069","How to import multiple files and save to multiple data files?"
"36146070","How can I get notified whenever a UITextFeild's text changes, either by code or by user?"
"36146076","Show Hide Error Message After 5ms in Reactjs"
"36146084","'System.InvalidOperationException' in System.dll, CategoryName is missing"
"2591055","Modal Pop Extender Inside Update Panel"
"2591062","erroneous Visual C float / double conversion?"
"2591065","How to implement UITableView with multiple columns and sideways scrolling"
"2591067","dynamicly loading content into scrollview while scrolling"
"2591069","How to upgrade all dependencies to a specific version"
"2591070","Which virtualization software for windows to virtualize a linux distro for small web server etc?"
"2591072","HTML Agility Pack - ReplaceNode doesn't change the InnerHTML of the Body"
"2591073","sum of Times in SQL"
"2591075","How can I see the repository path of a local copy?"
"2591077","sql server : get default value of a column"
"2591082","Flash Builder 4: mx:Button baseColor doesnt exist"
"2591083","Getting Java version at runtime"
"2591086","Excel VSTO ->Hide/Unhide Ribbon Button based on another Ribbon Button click"
"2591092","How can I create a .jar file?"
"2591093","<%@ Page Debug=""True"" ...... %>"
"2591096","LINQ to XML query attributes"
"44672887","(D3 line chart) Error: <path> attribute d: Expected number, ""MNaN,NaNLNaN,NaN"""
"44672892","Groovy exception when starting web app"
"44672893","Is there a way to trigger a CircleCI build on a Pull Request?"
"44672895","Migrating ""bootstrap-touch-slider.js"" to joomla"
"44672905","jQuery date picker won't initialize when hidden on page load"
"44672906","Can tqdm be embedded to html?"
"44672907","fork git branches and see them with SmartGit"
"44672909","Fixed thumbnail size & maintaining aspect ratio of image? - Bootstrap 4"
"44672913","How to add headers to requests ignored by Spring Security"
"44672914","CSS Text carousel with fixed text"
"44672919","Re-issue user id for participant"
"44672922","TYPO3 Extbase m:m relation within TCA"
"44672923","Delete cache of app"
"44672924","Staled kubernetes endpoints"
"44672931","Gamma GLM: NaN production and divergence errors"
"44672933","Python pip conflict for robotframework-selenium2library"
"44672938","Grid view Item does not take all width availabel UWP Xaml"
"44672941","Dynamically add and remove items in multiple places in Vue"
"44672942","Stream response to file using Fetch API and fs.createWriteStream"
"1759580","Mysql how to flatten a result set"
"1759583","Adding and changing usercontrol at run time in a WPF application"
"1759586","Getting iTMS attached country on iphone"
"1759587","un-submodule a git submodule"
"1759588","Need help understanding pointers and various other C stuff"
"1759591","Recommended ASP.NET Grid and UI tools"
"1759593","Eclipse keybinding for opening the current class in the package explorer"
"1759598","Running RMAN Scripts with the job scheduler (Oracle)"
"1759599","Viability of Ruby for Cross-Platform Development With Native Toolkits?"
"1759602","What is so great about extension methods?"
"1759604","how to set time in ajax slider control's maximam or minimum value properties? in asp.net"
"1759605","Raise ParseError in Haskell/Parsec"
"1759608","How to generate a graphic on the fly with cherrypy"
"44293301","How do I properly set the annotation and query in Retrofit 2.0+?"
"44293308","I want to change the Git commit message for the previous commit"
"44293310","ListView in RelativeLayout fills the entire height"
"44293312","Angular + d3 + Json data"
"44293313","Create many very similar (lazy loaded) feature modules without rewriting lots of code in Angular 2"
"44293319","Winforms C# Disable/ Enable Button on Treenode Click"
"44293326","Rails paperclip upload to S3 returns bucket URL but folder doesn't exist on bucket"
"44293327","Split string with names and middle initial? (python3)"
"44293328","Share SVG to Facebook"
"44293329","Numpy Array Division - unsupported operand type(s) for /: 'list' and 'float'"
"44293334","jQuery core, boilerplate: factory & module"
"44293340","Files to array - glob vs RecursiveIteratorIterator"
"44293341","Using awk how do I combine data in two files and substitute multiple values from the second file to the first file?"
"44293342","Angular2- few questions related to data saving in a static web page"
"44293343","Reactjs Preload Embedded Content"
"44293347","Why can't Cmake find the library using include_directories?"
"44293349","How to callback ReCAPTCHA a object function?"
"44293351","Move files from Azure storage to a local directory"
"44293357","IntelliJ IDEA - How to reattach and place Console tab back to IDE"
"44293358","Replacing strings in Pandas DataFrame column with array of entries based on dict"
"44293364","javascript iterate over array of objects"
"44293376","JavaFX Textfield behind one character when grabbing text"
"44293377","How to fix extraneous input ' ' expecting, in antlr4"
"1759713","Request.Querystring removes characters from encrypted text"
"1759717","Ask jboss if it has a web method?"
"1759718","WordPress - displaying posts in a page"
"1759719","create components dynamically"
"1759720","How to switch between DataGridViewTextBoxCell and DataGridViewComboBoxCell?"
"1759733","Are custom Winforms control auto generated designer files needed?"
"1759734","Update Google Doc from local file using google API possible ? (.NET / C# / WPF)"
"1759735","A Panel Control doesn't appear in a GridView Column"
"1759736","What Is The Best Python Zip Module To Handle Large Files?"
"1759737","Auto-open NERDTree in vim"
"1759739","How to...Add Client Side function to button that postsback?"
"1759746","php regular expression to filter out junk"
"1759752","WordPress custom query pagination"
"1759754","Including Port numbers in %systemroot%\system32\drivers\etc\hosts File"
"1759756","What is a ""safety variable""?"
"1759760","Setting three button accelerator key hot keys in Java (OSX)"
"1759767","ADODB.Connection undefined"
"1759771","Java Midlet Deployment"
"1759773","ROR - My logic works, Boolean value doesn't post"
"1759774","Open Source Calendar Solutions (integrate with Google Calendar)"
"1759780","Flex: force display of control's errorTip (error toolTip) on validation failure"
"1759783","Can boost filesystem change the read-only attribute of a file?"
"1759785","Pass variable from module to theme template when using drupal_render"
"1759788","Flash uploaders (Uploadify and SwfUpload) - problems with special characters in filenames"
"1759794","How to print pthread_t"
"1759795","The best way to implement live(search as you type) contact search?"
"1759797","Why does TOP or SET ROWCOUNT make my query so slow?"
"1759798","Visual Studio 2008 Report Server Project Design View not working"
"1759799","JavaScript Syntax: Inline Ifs in String Assignment Statements"
"1759801","Is there a way to display PRINT results with SQL server JDBC driver?"
"10227497","Do I need to fflush or close a file before calling stat on it?"
"10227507","Migrating Net free C++ code written in VS 2005 to Visual C++ in VS2010"
"10227521","user's id from AppStore"
"10227524","convert NSData to UIImage in iphone"
"10227527","iPhone: Date conversion issues"
"10227528","How to fix XML Layout in Android?"
"10227530","How to debug Java application from Sublime Text editor"
"10227533","document.referrer encoding issue"
"10227536","FlatFileItemWriter producing blank file"
"10227537","Powershell to check health monitor"
"10227543","Determine File Exists using getFileStreamPath--sorta working"
"10227549","""405 Method not allowed"" - when using ASP.NET jQuery ajax POST"
"10227552","How to change the ""modified date"" in Outlook 2010"
"10227553","SignalR for .net and Observer Pattern"
"10227554","Artificial Intelligence - Fuzzy Systems"
"10227555","Simple Encryption/Decryption in QtWebkit"
"10227556","MySQL INSERT INTO SELECT JOIN"
"10227560","UIPopover release iOS"
"10227565","Apache documentroot other local server"
"10227571","Getting images to use for Android development"
"10227576","PHP - How to display print_r() live"
"10227577","fixed block in .net"
"10227581","Bandwidth selection using NP package"
"10227584","Adding use to the home button"
"10227589","Is there a way to print the structure of a multi-module maven project?"
"10227590","change user in linux script"
"10227591","Extracting search queries from URL in jQuery"
"10227593","Updating a document field in mongo based on another field's value"
"10227597","How to fetch single row from Oracle in PHP?"
"10227598","What is the difference between := and += in make file?"
"10227600","Passing current object while setting parameters in object initializer in linq"
"10227603","str_replace only does part of the job"
"10227604","How can I include Core Data to an already created iOS project in Xcode?"
"10227605","ButtonField in a GridView setting ButtonType to ""image"" raise two http post (IE only)"
"10227607","If you can't add ASP includes in SharepPoint 2010... Then what?"
"10227611","How to parse ?var1=something in urls.py?"
"10227612","Space Invaders health/array issues"
"10227613","Not able to dynamically remove LinearLayout in Android. How to do it?"
"10227614","QML, Qt 4.8: How to enable openGl and Chromeless at the same time?"
"10227615","Acessing Remote SQL Server from Visual FoxPro Application"
"10227616","Uploading multiple files array error"
"10227617","simple_form gem and specifying possible values of minute input"
"10227618","Is anyone successfully using emacs to debug inner class in java?"
"10227619","Twisted Names - Authoritative Server - More than one zone"
"10227623","Force mouse click"
"10227624","Guidance Required on building a query builder"
"10227630","Application box in Facebook timeline?"
"10227633","How to do versioning with MongoDB?"
"10227634","Installing PyCURL to a particular version of Python"
"10227635","Sorting two List (String, Integer) in java based on Integer value"
"10227644","Efficiently modify list in R"
"10227651","Titanium.Contacts.showContacts , alphabetically first name"
"10227653","Json : generate object id instead of real object"
"10227654","ASP.NET MVC - missing resources after moving them"
"35818104","Vaadin Spring no boot : Dependency Injection issue"
"35818105","kubectl get with template string fails with incompatible types for comparison"
"35818106","How to define XPATH value as a variable inside html_nodes in rvest in R"
"35818108","Convert 3d point to 2d screen coordinates in Maya Api"
"35818110","How to execute a scenario from another scenario?"
"35818114","Background width not 100% on window resize or mobile units"
"18496852","How to start typing at the second line in edittext?"
"18496854","""Live Count"" options in Select"
"18496859","Java code to zip file after write file completely"
"18496860","Trying to get parent attribute value within a for-each loop"
"18496861","jquery inside of php?"
"18496862","jQuery Ajax beforesend abort first ajax success"
"18496872","Correct way to deal with this constructor situations"
"18496877","What does this mean: ((Wrench)wrench).printInfo();"
"18496882","Parse bson string in python?"
"18496883","Collisions when using stdext::hash_set/hash_map with object pointers"
"18496884","Joomla JFile::upload Issue"
"18496886","Distinct Counters in Cassandra"
"18496888","Does a thread run on the same CPU/core throughout its life?"
"18496889","Object reference not set to an instance of an object in c# how to check for null value?"
"18496890","inet_ntop function segfault(possibly cast error)"
"18496896","The Amazing Audio Engine AERecorder not recording"
"18496898","Sorting array of float point numbers"
"10226983","Call to undefined function curl_init()"
"10226988","IBOutlets for custom UIView"
"10226991","Proxy Activity for wrapping multiple Activities"
"10226992","Slow performance in populating DatagridView with large data"
"10226995","How to create app which can be launched with dialpad"
"10226997","msbuild not working properly with tfs 2010 and importet Microsoft.TeamFoundation.Build.targets"
"10226998","How to write the contents of Arraylist to xml file in Java"
"10227003","can't get value from readonly or disabled textbox control asp.net"
"10227005","How to check if find_package found the package (boost)"
"10227006","JQuery adding location.hash is endless refreshing Firefox"
"10227007","""Are you sure?"" prompts. Part of the ViewModel or purely the view?"
"10227009","gitolite allows unauthorized user"
"10227012","Buttons displaced/distorted when hiding the navigation bar (After Rotation)"
"10227014","TextBox TextTrimming"
"10227015","Button with image without the regular button shape: Android"
"10227017","Accessing ListView from backgroundworker"
"10227018","How does the identity column in sql server technically work?"
"10227021","Scorm activity - return to the last page visited not working in Firefox - Javascript issue?"
"10227025","How to add more than one item to a UITableViewCell 's contentView"
"10227031","Split an interval"
"10227037","Collection was modified while enumeration"
"10227038","How to allow keyboard tab focusing on div"
"10227042","How can I get a user's IP from a Blobstore upload handler?"
"10227045","The spaces inside the URL"
"10227047","How to add custom notification type to jira"
"10227048","Problems with Papervision3D in as3"
"10227050","Unattached git repository?"
"10227051","Capybara and formaction"
"10227064","How to unload the current window?"
"10227065","Need JQuery to mark checkboxes checked from list/array from database"
"10227070","I dont want to add UInavigationController and tabbarcontroller on root view controller"
"10227074","Python Max Function"
"10227077","MKAnnotations not showing up until I scroll the map"
"10227078","Why is import of SQL so slow?"
"10227080","EL function not found error"
"10227087","Get list of sites in SharePoint available to user"
"10227092","JSON POST to a server never arriving"
"10227097","Parsing HTML source code using AppleScript"
"10227105","Apache directive returning some static content directly from configuration"
"10227107","Write to a CSV in Node.js"
"10227108","How to control play section of MPMoviePlayerController"
"10227110","NSLog outputs unicode characters as garbage when debugging on the iPhone"
"10227115","How to add programmatically generated gallery to tab layout?"
"10227118","Calling Parent Page JavaScript Function In An Iframe"
"10227119","Item counting on search page of magento"
"10227126","How to resolve the playN asset path error?"
"10227129","Handle WebFaultException to display error message on label"
"10227130","action that returns a file in MVC3"
"10227133","php: best way to assign 10 times the same symbol (space) to a variable"
"1758979","Getting ""ArrayOf"" prepended to arrays of ActiveRecord objects in XML representation returned by asp.net webservice with Mono"
"1758984","Many to Many relationship with Fluent NHibernate"
"1758987","SQL conflicted with the FOREIGN KEY constraint"
"1758989","Does a function call in the Where(...) clause of a Linq to Nhibernate query negatively affect performance?"
"1758991","How to remove a lua table entry by its key?"
"1759002","Generate random number histogram using java"
"1759003","How to disable a form element in a Zend Form?"
"1759006","Embed an HTML <form> within a larger <form>?"
"1759018","Distributed source control for VisualWorks Smalltalk"
"10226669","Characters limit in SMS for iOS"
"10226671","SQL Server 2008 Express - Split Date and Time / Change Date / Concatenate New Date with Original Time"
"10226672","Removing from Mongo old documents by id"
"10226678","Why Symfony doesn't have default URL mapping?"
"10226686","jqgrid subgrid hide +- symbol is not showing up"
"10226690","Get UUID of a device on which a given file is stored, on *NIX systems using C"
"10226692","To add server using sp_addlinkedserver"
"10226694","Magento website copied to new server, redirects to old"
"10226706","Placing of css in codeigniter views"
"10226712","How to create UML diagram from loaded Java code?"
"10226714","Designing an authentication system in ASP.NET?"
"10226715","Javascript undifined variable after loop"
"10226716","Concurrent Event Processing Problems"
"10226718","How to get the filename of the process that is currently runing in vb6"
"10226719","Master concurrent programming in java"
"10226722","automatically add/synchronize contacts"
"10226739","Spring MVC + Session Management"
"10226740","Get linearLayout from another xml Android"
"10226741","Screenshot image from php"
"10226742","Input File on Android WebView"
"10226743","Android: How to change a background image through a button in XML"
"10226745","Loop through MYSQL table and perform action on row and previous row field PHP"
"10226747","How to create/delete cube partition via SSIS"
"10226749","Android Context object, Intents"
"10226755","Retrieve matched properties in Criteria query (like an explanation of the result)"
"10226760","Use function $(this) and next() etc in table"
"10226762","C++ for windows struct"
"10226763","sp_executesql Expects statement... Well, I give it to it"
"10226764","Watermark image on camera view is offset"
"10226766","Setting default time in grails rich ui's dateChooser"
"10226769","Java - ascii checking"
"10226774","How to pause an MSI installer and continue it?"
"10226778","Making Subids And Postback Tracking Work"
"10226780",".htaccess RewriteRule issue I cannot resolve"
"10226783","Set appid, appsecret of omniauth-facebook gem dynamically based on subdomain"
"10226786","Implicit default values for parameters?"
"10226790","Search on particular side of a String with RegExp"
"10226792","jquery color coding"
"10226797","Storing and retrieving checkbox selected items in WP7 Local Database using C#"
"10226803","how to escape the delimiter from the column content when export csv"
"10226804","How do i select element with a wildcard in attribute name?"
"10226805","NULL usage in WHERE IN SQL statement"
"10226807","Unable to upload files to dropbox using php api?"
"10226808","Sencha DataView scrollTo() not working initially"
"10226810","Coding a BBS Server in java"
"10226811","directions api which provider to use"
"10226813","Interop exception with VC++ and MySQL C++ Connector"
"10226820","How to save the radio button selection in database using rails"
"10226831","R help options - setting help_type=""text"" for good"
"10226832","submit location with google map"
"10226833","Best practise advice - Git repository merging"
"10226836","How to [tar and] compress marked files in Emacs"
"10226837","Debugging PHP code on a hosted server"
"10226839","Regular expression for google keyword"
"10226845","AutoMapper: Ignore source parameter when mapping to destination class"
"10226851","How to update bootstrap popover text?"
"35818115","Update global C struct using only one function without passing whole data structure"
"35818121","Match GridView Cell and TextBox Value With JavaScript"
"35818122","Questions Regarding the concept of factory functions"
"35818123","Saving multiple structures into a binary file (C)"
"35818124","Using ""with open() as file"" method, how to write more than once?"
"35818126","Print sum of a field out side *ngFor"
"35818128","unable to create a Xamarin Account for student"
"35818129","Problems in reading a matrix from a text file (Python)"
"35818130","Regular expression could not be compiled. Apache 2.4.18"
"35818132","Can not remote connect to postgres service"
"35818136","Issue when querying the WP database"
"35818137","(Android) How to change the name of the images already stored in gallery programatically"
"35818145","reading and storing into two arrays"
"35818146","Compilation from source: Cannot read contents from file on static -content deploy for uber craft theme in magento2"
"35818148","Sourcemap for Appium, using Visual Studio Code as debugger?"
"35818152","CSS + Jquery SlideToggle Menu Issue when Resizing"
"35818156","Swift(iOS) two scroll view in one view controller"
"35818157","Compat macro to convert a row matrix to a vector?"
"35818163","g++ and clang++ different behaviour with operator<() overloading"
"35818171","c++ Set insertion numbers check for duplicates"
"35818173","Highlight Text on JTextArea"
"35818175","How do I resolve this variant of the Knapsack Algorithm with 2 sacks?"
"35818176","javascript for in loop returning undefinded"
"35818179","Boost::Asio synchronous client with timeout"
"35818184","Extract parallel text from Wikipedia dumps"
"35818187","class not listening to events"
"35818188","Ember acceptance tests for build artifacts"
"35818189","C++ Global Object Constructor Vs. main Call Sequence"
"35818190","turning my cell of doubles into an array of doubles"
"35818194","Check for evenness of all digits"
"35818195","Swift array of generics"
"35818198","Aligning text with an Image? CSS"
"35818201","UWP C# Custom Event not firing"
"35818203","strange behavior on removing items from a bound collection"
"35818205","RVM Ruby 2.3.0 DevKit not installed?"
"35818206","Untracked System Files in git?"
"35818212","R How to make a for loop without knowing the length?"
"44293601","I deployed the war file to the tomcat but I can't start"
"44293608","Facebook Messenger Opt In button only appears sometimes"
"44293610","Fastest method to check if all elements of 2d array are equal"
"44293613","Wrong conversion to datetime in SQL Server"
"44293614","(KnockoutJS) Referring data outside the foreach"
"44293615","How to use PowerShell Azure cmdlets to log into my Azure subscription and use `Get-AzureRmResource`"
"44293619","unable to using winapp"
"44293623","TwitterKit 3.0 and TWTRLoginMethod"
"44293630","WPF DataGrid - I want know when the user is enter new Row"
"44293635","Git Error: fatal: bad numeric config value 'falseexit' for 'core.trustctime': invalid unit"
"44293639","Getting Flow Error: ""Property not found in object literal"" when using React-Redux connector"
"44293640","protobuf.js: Is there a synchronous way of loading static code"
"44293643","Determine if an ElementFinder matches a locator"
"44293644","What's wrong with this Genesis PHP WordPress plugin code?"
"44293647","EclipseLink (JPA 2.1) Query not returning results where it clearly should"
"44293649","technique to store contents of multiple large CSV files in memory"
"44293651","Docker build fail"
"44293652","Android app crash after trying to load data to listview"
"44293653","Why is ""& ;"" invalid syntax in bash?"
"44293662","How to recursively crawl subpages with Scrapy"
"44293666","Input data undefined"
"44293667","How to count instances of any Unicode letter in my string"
"44293670","Ionic 2 Tabs: Hiding tab icon"
"44293672","Align divs on the left with css, separating them into groups, without line break"
"44293673","Subset or filter data.frame per indices e.g. column-wise per row"
"44293674","How to drag item out of horizontal scroll container?"
"10227135","Page is not calling Jquery functions after page contents were loaded by load()"
"10227136","sign_in_and_redirect with omniauth-facebook to specific language"
"10227138","How to close the jquery dialog"
"10227139","on ie, the expression excute twice"
"10227142","NameError: global name 'execfile' is not defined trying to run an app on Google App Engine Launcher"
"10227144","Convert long filename to short filename (8.3) using cmd.exe"
"35817974","jquery to reformat the content of a textbox"
"35817975","Return all keys with the same value in a dictionary"
"35817979","QT Test - Variables / Objects losing value"
"35817981","R: How to calculate year-wise mean and other operations on daily data for elements in a column"
"35817982","JavaScript Multiple Error Messages"
"35817983","Doctrine2 - Multiple OneToMany to the same entity in the same entity"
"35817984","php respect validation just validate if not empty"
"35817990","""Error: incompatible types"" When Iterating Through TreeMap"
"35817991","Unable yo customize wordpress page because I supplied an invalid argument somewhere"
"35817993","Looping thru 2 set of data in puppet - optimalization"
"35818002","How to change collapse color on active?"
"35818003","Run python program on startup in background on Intel Galileo"
"35818005","How can I add a character to a random space of a string with JavaScript?"
"35818008","To substitute lsb value of rgb image with character"
"35818009","mongod HostnameCanonicalizationWorker error on OS X"
"35818010","Is it necessary to restart node.js's http-server when updating html files"
"35818016","Converting Java program into Object Oriented format (Basic)"
"35818019","TypeError: Can't convert 'int' object to str implicitly"
"35818021","Div with background image spilling out of parent div in IE11"
"35818024","having trouble looping sql insert with php"
"35818027","Understanding the difference between a 2D texture array and a 3D texture?"
"35818029","Better Random, No Repeat, In Order with Excel Macro"
"35818031","Reboot nodes from salt scheduler randomly"
"35818035","Error When Trying to Display Result"
"35818038","Android Styling List"
"35818048","Read XML file in Java"
"35818049","customised random string generator in ruby"
"35818056","Abstract Automapper Projections"
"35818058","C++: While loop condition executes continuously, loop body never executes"
"35818061","How do I join three tables in SQL?"
"35818063","Find neighbours outside of 2d grid which is reduced into a 1d array"
"35818064","How to change color of Bootstrap disabled button?"
"35818065","Dropdown menu not showing its Items on Click in ASP.NET MVC5 View"
"35818066","Passing $('.class').each a function as arugment fails to run function"
"35818067","Center a div with flex = 33"
"35818074","Create conditional based upon current year when looping through records?"
"35818077","Dynamic Filter value in ng-repeat"
"35818078","Why is my string not splitting?"
"35818080","what does ""target.href"" mean in following pice of javascript code?"
"35818082","What is a FORM's equivalent to DOM's getNextSibling?"
"35818084","Need help, importing Json into my html, via Python & AJAX"
"35818085","Cannot import list from other python doc"
"35818086","unable to access gaana api via java from mashape"
"35818089","Smart pointer r-value ref conversion operator"
"35818091","How to import CSV file to Rhino using Python and connect the points using interpCRV command"
"35818094","Oracle - SELECT with multiple conditions"
"35818095","Concatenating list elements - Scheme"
"35818097","3SUM with reversed outer loop"
"35818098","printing two different loops on the same line"
"35818101","HttpURLConnection working in Java but not android"
"1759263","Why won't ruby-debug allow me to see local variables in my specs?"
"1759265","Topographical or relief data in Map APIs"
"1759266","Where in my app to default all time to UTC"
"1759270","Why is iconField ignored for branch nodes with the Flex Tree component?"
"1759271","Google Analytics Tracking Code and Document.write causing requests to localhost?"
"10226855","SED adds new line at the end"
"10226857","Check if file exists in the JList"
"27164366","Error in asp.net webservice"
"27164368","Filtering OCaml list to one variant"
"27164371","Jquery function to split option list into hierarchical select"
"27164373","Spring define batch job at runtime"